Price,Close,High,Low,Open,Volume
Ticker,MSFT,MSFT,MSFT,MSFT,MSFT
Date,,,,,
2023-07-03,333.42584228515625,336.2965498508415,332.0250345348407,334.60964977189394,12508700
2023-07-05,333.5837097167969,337.0364466828848,330.2099093118582,330.5650335205982,18172400
2023-07-06,336.66156005859375,338.3583347909345,330.9694876074592,332.7451687923729,28161200
2023-07-07,332.666259765625,337.17455476042386,332.4492293908837,334.7379078689779,21185300
2023-07-10,327.3490295410156,330.7031407949626,323.1662951750732,330.0816433554904,32791400
2023-07-11,327.98040771484375,328.36512559547043,322.58427205153635,326.58944439701025,26698200
2023-07-12,332.64654541015625,337.03643563123427,331.1372073615491,332.0546416428547,29995300
2023-07-13,338.03277587890625,339.0981784792485,334.4419154262678,334.9746317791757,20567200
2023-07-14,340.5779113769531,346.684324777907,339.6604772092067,342.89618328373626,28302200
2023-07-17,341.06134033203125,342.30430506599646,337.5790099679338,341.0119974589969,20363900
2023-07-18,354.6354675292969,361.82703240968596,337.5493782381458,341.1599274120165,64872700
2023-07-19,350.2850341796875,357.56538046892035,347.6807000395438,356.86497664298207,39732900
2023-07-20,342.1859436035156,353.13605781346064,340.70619925367106,348.79548040834504,33778400
2023-07-21,339.1278076171875,345.56962697471664,335.2410099540345,344.4351622996389,69368900
2023-07-24,340.44970703125,342.2352929441679,337.6875295682125,341.1797347293557,26678100
2023-07-25,346.24041748046875,347.1381325582934,340.41022182479776,342.42265222461896,41637700
2023-07-26,333.2088317871094,340.01568008356725,328.611755590644,336.82928631733375,58383700
2023-07-27,326.2540283203125,336.7207386752654,324.6065664004519,335.8822409797451,39635300
2023-07-28,333.80072021484375,335.418588461766,328.6709579484161,329.16420605704235,28484900
2023-07-31,331.3838195800781,333.1397816268532,328.85836158947654,332.3703157885018,25446000
2023-08-01,331.7981262207031,333.96842988932275,329.1937919238342,330.6636616188916,18311900
2023-08-02,323.0775146484375,329.12474134255,321.9528944979642,329.12474134255,27761300
2023-08-03,322.24884033203125,325.4253591822319,321.5484364855866,321.5977492515645,18253700
2023-08-04,323.3537292480469,330.61435706998384,322.82101286060225,327.39836976439574,23727700
2023-08-07,325.6522521972656,326.638748415641,323.09723060433043,323.9357584110446,17741500
2023-08-08,321.6470642089844,324.3106159103617,318.6382629324619,322.54477933640453,22327600
2023-08-09,317.8786926269531,322.69276896492516,316.7146041895466,322.0614270294025,22373300
2023-08-10,318.5692138671875,323.8272555255074,316.84284549970266,321.6174835434037,20113700
2023-08-11,316.6751708984375,318.05625962756983,314.8994595848591,315.9352987108156,24342600
2023-08-14,319.6642761230469,319.68399521148456,315.75772901793835,317.05006689482826,18836100
2023-08-15,317.513671875,320.7000656335948,316.5666438946888,318.63829206231935,16966300
2023-08-16,316.74261474609375,320.716745588524,316.1494577370067,317.1380426957456,20698900
2023-08-17,313.26275634765625,318.19578484702873,312.60039125699797,316.88098033707746,21257200
2023-08-18,312.8673400878906,314.74564524442695,307.9935939126714,310.90003574711136,24744800
2023-08-21,318.20574951171875,319.0855744872302,313.4210016585765,314.3008266340879,24040000
2023-08-22,318.7790832519531,322.357755817273,317.790498336927,321.78438984101354,16102000
2023-08-23,323.2672119140625,325.4421104227594,319.7676134661455,320.1235196626651,21166400
2023-08-24,316.3175048828125,329.1790038104103,316.3076093798751,329.05048294908903,23281400
2023-08-25,319.2931213378906,321.6459277591277,315.16081405176266,317.8003486742055,21684100
2023-08-28,320.0049133300781,322.42692799992096,318.0475045559713,321.9425310997952,14808500
2023-08-29,324.6611633300781,325.2246639510212,318.20570528498234,318.20570528498234,19284600
2023-08-30,325.03680419921875,326.0451498323158,322.72351939208045,324.9181788505266,15222100
2023-08-31,324.01861572265625,327.1326523087655,323.0497916021966,325.44218047674366,26411000
2023-09-01,324.9082946777344,328.2002688955857,323.04975036551434,327.5280384500807,14931200
2023-09-05,329.74249267578125,331.0276711915423,324.9083280364007,325.24444329366247,18553900
2023-09-06,329.08013916015625,330.64208999362666,326.41094792069816,329.5744315993732,17535800
2023-09-07,326.14404296875,329.27784015884396,325.27408344304047,327.5082949368657,18381000
2023-09-08,330.4542541503906,332.32269403883413,325.699163331797,326.3219766279449,19530100
2023-09-11,334.0823974609375,334.556929093658,331.60103960424,333.3903759343724,16583300
2023-09-12,327.9827575683594,332.9454724112578,327.6960897075164,331.98654397967573,17565500
2023-09-13,332.22381591796875,333.0048063818992,327.38965178199726,327.52803797035625,16544400
2023-09-14,334.83367919921875,336.9689957887937,332.7279887772519,335.2785242515413,20267000
2023-09-15,326.45050048828125,333.54853269059,325.88699986571044,333.07403125618623,37666900
2023-09-18,325.3037414550781,326.6284415872305,322.63455018467687,324.058114839662,16834200
2023-09-19,324.8984069824219,325.6299802911353,320.8056813654168,322.44673584714667,16505900
2023-09-20,317.10833740234375,325.82766263304757,316.85132586781475,325.74858912301113,21436500
2023-09-21,315.8825378417969,321.6361093088124,311.40424936718983,315.61563077468617,35529500
2023-09-22,313.3913269042969,317.7806465273566,312.5411281531975,317.6521256558587,21447900
2023-09-25,313.9152526855469,314.04377354761226,311.404238631424,312.9760849775433,17836000
2023-09-26,308.5768737792969,312.27417127506453,306.48104866233854,311.5327326754824,26297600
2023-09-27,309.219482421875,310.71222512078947,306.15486316727345,308.73505530094553,19410100
2023-09-28,310.0597839355469,311.87877653956156,305.9176107720618,307.4400098031896,19683600
2023-09-29,312.1457214355469,315.82325893286276,311.3845218277241,314.1228914842281,24140300
2023-10-02,318.12664794921875,318.2156471500954,311.58221993194377,312.6696694897736,20570000
2023-10-03,309.8126220703125,317.7213009072656,307.657484158639,317.1676656330005,21033500
2023-10-04,315.31903076171875,316.38671934680445,310.4156581127954,310.4453144529802,20720100
2023-10-05,315.7144775390625,316.32742555484276,311.3053970760903,315.4475704614621,16965600
2023-10-06,323.5242919921875,325.4322535375942,312.6893801694388,312.9365263852443,25645500
2023-10-09,326.0550842285156,326.529585679886,319.49086590519653,321.0429514638944,19891200
2023-10-10,324.64141845703125,327.3204751601556,323.92963610326484,327.1820587892371,20557100
2023-10-11,328.6253967285156,329.020824643838,325.3828395521265,327.42918731045415,20063200
2023-10-12,327.3797912597656,329.82159726019745,324.9676416006663,326.79652976741545,19313100
2023-10-13,323.9888916015625,330.0192344527911,322.6345051493191,328.5858046640615,21072400
2023-10-16,328.8428649902344,332.3029118179807,326.8261435346823,327.27098859672117,22158000
2023-10-17,328.26947021484375,329.653482917614,323.6725568735075,325.827664522765,18338500
2023-10-18,326.34173583984375,331.759191769858,324.55239964479256,328.6945726494821,23153600
2023-10-19,327.5379333496094,333.0344625947889,327.1326099487148,328.35844548463956,25052100
2023-10-20,322.9410400390625,328.13111072358873,321.73496526369917,327.9333816774439,25012600
2023-10-23,325.5607604980469,328.93183835802176,320.6870445710428,321.7547029032871,24374700
2023-10-24,326.7569580078125,328.0520017824309,323.86041156041205,327.5181575017648,31153600
2023-10-25,336.7812194824219,342.24809258313576,333.7660175404183,341.08153951297123,55053800
2023-10-26,324.1470947265625,337.7302406507204,323.20792706940125,336.6526868052071,37828500
2023-10-27,326.0451965332031,332.876322086507,324.65128814798715,326.6581143687127,29856500
2023-10-30,333.4595947265625,335.5751810493572,328.04213821526935,329.6041193668918,22828100
2023-10-31,334.25042724609375,335.1302822914459,330.8694837708354,334.98200058976215,20265300
2023-11-01,342.1195373535156,343.45413282201713,335.77280987868386,335.911226227204,28158800
2023-11-02,344.3438720703125,344.84802981392585,340.834377854448,343.27618356893754,24348100
2023-11-03,348.772705078125,350.3445814577073,343.3651450199177,345.6389081595281,23624000
2023-11-06,352.4601745605469,353.45865496757824,349.3164818069367,349.41534633116447,23828300
2023-11-07,356.4144592285156,358.3224205581765,353.5475694831932,355.2973536323188,25833900
2023-11-08,359.0540771484375,359.7164121909106,356.43430281354665,357.5514086690943,26767800
2023-11-09,356.57269287109375,360.6258970276353,356.2464429567003,358.1643000917095,24847300
2023-11-10,365.4501647949219,365.8752490282028,356.9483292832311,357.36351801413326,28042100
2023-11-13,362.4942626953125,364.2638379125878,361.7231677677131,364.01669171567505,19986500
2023-11-14,366.0433044433594,367.70414993309754,363.15665355329156,366.77487775321134,27683900
2023-11-15,366.1919250488281,369.6193627244979,363.6559833296178,367.7867626439103,26860100
2023-11-16,372.6307678222656,372.8090670130161,366.6971049772861,367.4697650343208,27182300
2023-11-17,366.3702087402344,370.84767066024057,363.5470174090878,370.09481157714856,40157000
2023-11-20,373.8888244628906,375.305362924845,367.5094133597198,367.7273446792859,52465100
2023-11-21,369.5599365234375,372.6802933507884,367.62827122388927,372.13548017935176,28423100
2023-11-22,374.2949523925781,376.2167020543969,371.4420444315091,374.44353505087355,23345300
2023-11-24,373.8788757324219,374.4138035112927,371.61044336899096,373.7798105540461,10176600
2023-11-27,375.0478210449219,377.0587507454245,372.6605222107563,373.2350519605767,22179200
2023-11-28,379.09930419921875,379.39646949829165,374.60201121374763,374.7902259799763,20453100
2023-11-29,375.2855529785156,380.68425789892774,373.88881549531266,380.1493603159181,28963400
2023-11-30,375.344970703125,376.5138612366037,371.9373340529728,374.92890903622725,30554400
2023-12-01,370.98638916015625,374.6020416682448,367.8164846369156,373.21521977574577,33020400
2023-12-04,365.6669006347656,366.0432999492324,359.4855901354516,365.6272685167618,32063300
2023-12-05,369.01507568359375,369.5698044164444,362.1800014727598,363.002209215325,23065000
2023-12-06,365.3300476074219,370.6594334670261,364.5673032138948,370.025470775232,21182100
2023-12-07,367.4598388671875,367.9551344956752,362.87339651052025,364.7654294389967,23118900
2023-12-08,370.708984375,370.93680102116286,364.765436714598,365.7263114622475,20144800
2023-12-11,367.8065490722656,368.10374460980563,362.6554922898368,365.0131044942587,27708800
2023-12-12,370.85760498046875,370.8972371001198,366.97447347680867,367.36081862489453,24838300
2023-12-13,370.8476867675781,374.086939898613,367.28155178547297,372.48215648382853,30955500
2023-12-14,362.48712158203125,370.2434695547166,360.70406906648043,369.79769131060294,43277500
2023-12-15,367.241943359375,368.8962139906386,362.8337997442001,363.39844407099264,78478200
2023-12-18,369.1438293457031,369.4905423350022,365.21118080921997,365.9739554317672,21802900
2023-12-19,369.7481384277344,369.7481384277344,366.3603026960237,367.9947723838569,20603700
2023-12-20,367.13299560546875,372.49209893738356,367.0438460032924,371.47179096076275,26316700
2023-12-21,370.0254821777344,370.8872917707244,366.5584126323143,369.0546918220557,17708000
2023-12-22,371.0556640625,371.65002486970394,369.20326322723065,370.1641379669173,17091100
2023-12-26,371.1349792480469,373.3935264411523,369.9858895911405,371.4717766979323,12673100
2023-12-27,370.5505065917969,371.53118233613856,369.3023518404904,370.17407704899347,14905400
2023-12-28,371.7491149902344,372.9180055102288,370.6396575319042,371.83826458273074,14327000
2023-12-29,372.5019836425781,373.61144112939365,369.96607217829995,372.46235152363494,18723000
2024-01-02,367.3805847167969,372.3632576668665,363.3191544056819,370.3424429826701,25258600
2024-01-03,367.1131591796875,369.7481357898977,365.04282689247566,365.5381225658885,23083500
2024-01-04,364.4781494140625,369.58960392636413,363.7154050293527,367.18247442785434,20901500
2024-01-05,364.28997802734375,368.559424433647,363.0517388090319,365.4985007136341,20987000
2024-01-08,371.1646728515625,371.66988411040546,365.53812127674354,365.8253710003868,23134000
2024-01-09,372.2543640136719,372.45246416250234,367.6976373642498,368.50992959667377,20830000
2024-01-10,379.16864013671875,380.5554922110054,372.7793440678221,372.8288615431399,25514200
2024-01-11,381.0111389160156,387.0042042259602,376.80112586493703,382.3682441685505,27850800
2024-01-12,384.8150634765625,385.0230792174473,381.03099686567634,381.8630900596674,21645700
2024-01-16,386.59808349609375,390.32271672497956,383.9730224089054,389.9562027545636,27202300
2024-01-17,385.8056335449219,386.4395963207224,381.1894739959276,384.32966203351646,22234100
2024-01-18,390.16424560546875,390.2831117413872,386.4495277057587,388.03448005572534,23392100
2024-01-19,394.9190368652344,394.9190368652344,389.79766667261197,392.0364126276258,29272000
2024-01-22,392.77935791015625,396.85067355830614,389.88681807260593,396.256312744514,27016900
2024-01-23,395.14691162109375,395.6224063859319,390.2236710516202,392.02655469237413,20525900
2024-01-24,398.7724609375,401.81358370975624,396.68232764982235,397.7620686193911,24867000
2024-01-25,401.06072998046875,403.18061005906736,398.74274976275865,400.5159168098495,21021200
2024-01-26,400.12957763671875,402.3485229332517,398.64369053415635,400.5654402719064,17803300
2024-01-29,405.8650817871094,406.1226452071924,400.52577999660826,402.23951388406,24510200
2024-01-30,404.7457275390625,409.16375662074074,402.6258777098208,408.3812111979871,33477600
2024-01-31,393.8393249511719,411.41243736511643,393.47281096125835,403.1310773427729,47871100
2024-02-01,399.9809875488281,404.161284395668,398.01960572688716,398.0493222591689,30657700
2024-02-02,407.3509521484375,408.7674904401441,399.7630192269887,400.01066704989324,28245000
2024-02-05,401.8333740234375,407.29154202131053,400.18898875911304,406.0433872498531,25352300
2024-02-06,401.67486572265625,404.13154308563696,399.11915341177513,402.0612108490808,18382600
2024-02-07,410.1543273925781,410.4019752246544,403.5669011054383,403.60653322309605,22340500
2024-02-08,410.21380615234375,411.65017583057954,408.6486849806617,410.15437308446036,21225300
2024-02-09,416.59320068359375,416.86067970876474,411.1845801105364,411.3430783620024,22032800
2024-02-12,411.35296630859375,416.78138746189904,410.847755055397,416.6030882773996,21202900
2024-02-13,402.4971008300781,406.21181854248556,399.5946753127585,401.13007987504017,27824900
2024-02-14,406.38739013671875,406.7347443342126,401.5046846687993,404.9781660710295,20401200
2024-02-15,403.4795837402344,406.03011869599004,401.22679392364836,405.0476293953427,21825500
2024-02-16,400.9985046386719,405.19646556123695,400.38320711756694,404.86894895397035,22281100
2024-02-20,399.7381591796875,401.4252604899609,394.9943773768075,400.1847314590158,24307900
2024-02-21,399.13275146484375,399.24193376469594,394.21034092041026,397.1380014467668,18631100
2024-02-22,408.531005859375,409.70205797134184,405.4743557171247,407.08207646174907,27009900
2024-02-23,407.23095703125,412.70912252547726,405.87134201034183,412.5205899694505,16295900
2024-02-26,404.4521789550781,409.0371695148512,404.27351975281573,408.34246112673543,16193500
2024-02-27,404.39263916015625,405.22627106063214,400.7901378959309,404.898754425873,14835800
2024-02-28,404.63079833984375,406.1988137086949,402.24898865810695,405.0873045429746,13183100
2024-02-29,410.5059509277344,411.06170550216336,402.84444253870316,405.5438348800808,31947300
2024-03-01,412.3518371582031,412.71902889421233,407.76684684717014,408.153876143975,17800300
2024-03-04,411.7762451171875,414.18782621068357,409.19593875466035,410.307447886493,17596000
2024-03-05,399.59918212890625,411.1112969231929,397.6044321579871,410.8234857245891,26919200
2024-03-06,399.04345703125,402.0902036474927,395.37150921419715,399.91679432847235,22344100
2024-03-07,406.0400390625,406.67517415608603,399.19229481283145,403.04290164123864,18718500
2024-03-08,403.14215087890625,407.3103404061873,401.2664565057241,404.8689575439801,17971700
2024-03-11,401.45501708984375,402.6062316222378,398.21973809181884,400.70079606171487,16120800
2024-03-12,412.13348388671875,412.4212950799544,403.70782104780903,404.5315189350478,22457000
2024-03-13,411.95489501953125,415.0115452878592,408.3325562328795,414.9321647542621,17115900
2024-03-14,421.9981689453125,424.5784751674573,414.8229387375938,417.0558908033508,34157300
2024-03-15,413.2648620605469,419.3980298678985,409.6623611748997,416.11311165944556,45049800
2024-03-18,414.15802001953125,417.54218646296124,410.644833725834,411.11127379953496,20106000
2024-03-19,418.2170715332031,418.4751112612702,412.40145573236146,414.6641794557911,19837900
2024-03-20,422.0081481933594,422.73259778034867,417.4727666861834,418.8026102027015,17860100
2024-03-21,426.11676025390625,427.55578606152034,423.9235133811952,426.57326646256405,21296200
2024-03-22,425.4915466308594,426.6030558566972,422.8417934382558,426.4442947841674,17636500
2024-03-25,419.6560363769531,424.1715798565736,418.41550744623606,422.0180083068545,18060500
2024-03-26,418.4552001953125,422.76231287812396,418.15748537548563,422.3851872487767,16725600
2024-03-27,418.23687744140625,421.2340147133464,415.83523039825434,421.2240807902947,16705000
2024-03-28,417.53228759765625,418.6735682140503,415.94440442920035,417.7704594727013,21871200
2024-04-01,421.3531494140625,424.6480018954086,419.02094870327977,420.73785184065474,16316000
2024-04-02,418.2468566894531,419.17973696688534,414.6741269340057,416.9269168072685,17912000
2024-04-03,417.26434326171875,420.0530500088036,415.91463197146663,416.54979735190346,16502300
2024-04-04,414.7138366699219,425.4220921238306,414.4061878822782,421.769951509971,19370900
2024-04-05,422.2959289550781,423.2784485638512,415.1504997519638,416.8276974614869,16544300
2024-04-08,421.3729553222656,424.0425761054586,420.09272093696904,421.9485777283347,14272400
2024-04-09,423.0501708984375,424.4991003259259,418.4254750382327,423.20896224870864,12512300
2024-04-10,420.0530700683594,420.81722505973426,416.5200457584293,418.99116993330387,16216600
2024-04-11,424.6876525878906,426.1167444183971,419.15984809671994,422.5936541739285,17966400
2024-04-12,418.703369140625,421.9585162359949,416.58950274190113,420.8370731015467,19232100
2024-04-15,410.5059509277344,423.5860815606245,410.2975202475589,423.36774724307367,20273500
2024-04-16,411.43878173828125,415.2298454910269,410.5952462785095,411.42887810136665,16765600
2024-04-17,408.7196044921875,415.7062729403422,407.2210356312864,414.0886181303493,15855500
2024-04-18,401.2069091796875,408.76919927263555,400.88935677884103,407.5187363707615,21029900
2024-04-19,396.095947265625,402.4077746386735,394.7561698730406,400.9687488676842,30276500
2024-04-22,397.9219970703125,399.7976914523607,392.7514806878664,397.04865981007964,20286900
2024-04-23,404.48193359375,405.10716505974153,400.0060952402287,401.1771473553241,15734500
2024-04-24,405.96063232421875,409.3447990752087,403.6979086365787,406.45684392489727,15065300
2024-04-25,396.0165710449219,396.8601368410158,385.08998167747234,391.04452101034235,40586500
2024-04-26,403.2414245605469,409.87080464048637,402.6856699602139,409.04710666417816,29694700
2024-04-29,399.2022399902344,403.24140976178137,396.1654273618807,402.1795096483343,19582100
2024-04-30,386.380126953125,399.112934090919,386.2213658866136,398.44799719369325,28781400
2024-05-01,391.9476318359375,398.6762601059751,387.35270744745037,389.635268755834,23562500
2024-05-02,394.8256530761719,396.89981398666424,391.6598205584853,394.64702416400013,17709400
2024-05-03,403.5788269042969,404.06510458639696,398.815177316325,399.2320083912343,17446700
2024-05-06,410.4067077636719,410.7937370714025,403.29101993493754,405.66292597330005,16996600
2024-05-07,406.238525390625,411.52815821970637,405.99041958064737,411.5182242956741,20018200
2024-05-08,407.4294128417969,409.1066104061556,403.6284151762591,405.07737479693975,11792300
2024-05-09,409.1959228515625,409.5928860565961,406.0003190785622,407.45918232898305,14689700
2024-05-10,411.5976257324219,412.2327911756722,408.6798988359958,409.81127592440214,13402300
2024-05-13,410.5853271484375,415.18025140614657,407.7073059282806,414.84283115281045,15440200
2024-05-14,413.40380859375,414.3267549073316,408.43175863614476,408.8981987547859,15109300
2024-05-15,420.6317443847656,421.35753100749633,414.85536761085484,415.48172683662517,22239500
2024-05-16,418.5538330078125,422.9582208339026,417.91755229509,419.35914332573157,17530100
2024-05-17,417.7783508300781,420.4726906446292,415.61097317740536,420.09488474644235,15352200
2024-05-20,422.8786315917969,424.30034916156967,417.5595849948594,417.77831310874586,16272100
2024-05-21,426.5572814941406,430.46453247000767,422.3915253519068,424.36004826198655,21453300
2024-05-22,428.0286865234375,429.9077641693655,424.6583193119375,427.60118209872775,18073700
2024-05-23,424.5290832519531,431.090897164325,422.9582395726222,430.46453792464195,17211700
2024-05-24,427.6707763671875,428.565562226306,421.95405016489985,424.71796179341015,11845800
2024-05-28,427.8298645019531,428.3269711402922,424.13138989907134,427.14385491376675,15718000
2024-05-29,426.6865234375,428.44627000677747,423.22665032702537,423.22665032702537,15517100
2024-05-30,412.2704162597656,421.84466424386284,411.84288150879064,421.84466424386284,28424800
2024-05-31,412.7277526855469,414.3383733012913,402.1692127903504,414.3383733012913,47995300
2024-06-03,411.1270751953125,414.02023955543035,406.55371826249007,413.1254536486165,17484700
2024-06-04,413.6623229980469,414.03017705380546,407.30928563189894,410.04337212748766,14348900
2024-06-05,421.5563659667969,421.6259378345122,413.89096003424896,415.39223173706347,16988000
2024-06-06,422.0633850097656,422.848821948627,418.14618249774657,421.5563568996983,14861300
2024-06-07,421.3973083496094,423.81323935854607,420.55222098628695,423.73371564550735,13621700
2024-06-10,425.3940124511719,425.6027887352665,421.4370631899479,422.24237348386436,14003000
2024-06-11,430.1761779785156,430.3153823959729,422.78918087724,423.01786084549974,14551100
2024-06-12,438.5076904296875,440.8341457768561,430.7428874309175,432.8009161252906,22366200
2024-06-13,439.0246887207031,440.8242426789463,436.8274858579273,438.2989324414096,15960600
2024-06-14,440.00897216796875,440.5756810111054,434.19281849694386,435.74378876375306,13582000
2024-06-17,445.775390625,448.3305259626429,438.16966532085047,440.0288392462003,20790000
2024-06-18,443.75714111328125,447.53516969127554,442.3155500964385,447.10763493198164,17112500
2024-06-20,443.120849609375,443.946033241849,438.7164619327626,443.7173532757514,19877400
2024-06-21,447.17724609375,447.97260457820744,443.9261796037789,444.79114029939626,34486200
2024-06-24,445.0794372558594,450.1300269693388,443.82671891288334,447.19708588858595,15913700
2024-06-25,448.3404541015625,448.80773551860256,444.1647465305247,445.65606632861267,16747500
2024-06-26,449.54345703125,450.9751265075422,445.59642930053803,446.4017395883299,16507000
2024-06-27,450.2294921875,453.5302875755873,449.1557248487335,449.56335593650766,14806300
2024-06-28,444.3636169433594,452.7448272217048,443.8267333016812,450.44819707911165,28362300
2024-07-01,454.0870056152344,454.7232862857242,443.08105821287796,446.06369781193524,17662800
2024-07-02,456.62225341796875,456.9304570935814,450.48794440717063,450.57745029839504,13979800
2024-07-03,458.1036376953125,458.3521910129211,455.23037712106725,455.5385808076234,9932800
2024-07-05,464.8543395996094,465.6397765538939,456.3140515175161,456.95033221316646,16000300
2024-07-08,463.5419921875,464.99356542878803,461.77229375422786,463.8501958785038,12962300
2024-07-09,456.8807678222656,464.6256672353131,455.3496709136752,464.29759021110544,17207200
2024-07-10,463.55194091796875,463.7607172108967,456.20469022907776,458.55104934272356,18196100
2024-07-11,452.06878662109375,462.0904430463112,448.93699054354346,460.3008712942663,23111200
2024-07-12,450.9254150390625,453.71915189160546,448.0422026334216,451.70090017355875,16324300
2024-07-15,451.3330383300781,454.6139602586164,448.8176800220224,450.67685394437046,14429400
2024-07-16,446.91876220703125,451.671100679191,444.0753266658107,451.5915769633523,17175700
2024-07-17,440.9534606933594,442.2757813397234,436.63857872187197,440.0288496296795,21778000
2024-07-18,437.8216857910156,442.07691730431753,431.886231451246,441.7687136228689,20794800
2024-07-19,434.58056640625,438.587275182443,429.50015094371236,430.59379165551553,20940400
2024-07-22,440.3768310546875,442.0272287343498,436.37015276462773,439.23349185507885,15808800
2024-07-23,442.2757568359375,445.79528012902404,440.53588370152465,441.3312421408644,13107100
2024-07-24,426.4180603027344,438.9252800797557,425.11564336198785,437.90124163761953,26805800
2024-07-25,415.9788513183594,427.31287721528406,415.09401723172687,426.31866388501027,29943800
2024-07-26,422.8090515136719,426.4379540941027,414.8553456338981,415.7799870015666,23583800
2024-07-29,424.2606201171875,429.6492388018038,422.2423684855505,429.0825299821325,15125800
2024-07-30,420.4726867675781,426.5671885866718,414.9448331085773,425.2448982961915,32687600
2024-07-31,415.9291076660156,419.3392517370681,409.82462391670987,418.0666600260145,42891400
2024-08-01,414.6962585449219,424.98637136355273,410.6995323530128,418.3549862264431,30296400
2024-08-02,406.12615966796875,412.59849761680636,402.0001807599968,410.1030126570464,29437900
2024-08-05,392.8633728027344,398.7193036046689,383.34874440032485,386.91799678720787,40709200
2024-08-06,397.29754638671875,403.3225066578681,396.1939842314513,397.6853041219084,24946500
2024-08-07,396.1243896484375,407.70696828580475,395.1699533956427,406.27532907710327,20650900
2024-08-08,400.3597412109375,403.51138026295973,397.62565473832814,400.11118789524573,20203000
2024-08-09,403.6704406738281,405.68869229684987,399.93221959838144,401.6919660750819,19276700
2024-08-12,404.4559020996094,406.39463013243375,401.9007666876047,404.7044554196647,16762900
2024-08-13,411.6142272949219,412.5487901543895,407.19991814538804,407.21979148714996,19414300
2024-08-14,414.4477233886719,415.30276256625774,410.0632696291805,412.3996465083127,18267000
2024-08-15,419.34808349609375,419.42775054091777,415.991550712489,418.1229861127925,20752100
2024-08-16,416.7983093261719,419.6568394696199,415.6329698343419,418.919805326896,22775600
2024-08-19,419.8460693359375,420.0651916950313,414.79631569386714,417.28632868553893,15234000
2024-08-20,423.10302734375,424.15879050030776,419.9556774327427,420.015435317403,16387600
2024-08-21,422.4456787109375,424.69662989295495,420.03533264675815,422.38589043229285,16067300
2024-08-22,413.88995361328125,425.0850728631847,412.95370628251766,422.66475709775676,19361900
2024-08-23,415.1250305175781,417.58516466451346,410.44379375355777,415.3142739439322,18493800
2024-08-26,411.8382263183594,415.6130949578331,409.6968209788455,414.70672647734364,13152800
2024-08-27,412.18682861328125,412.7047404254691,408.61117324322794,411.2107324794244,13492900
2024-08-28,408.9597473144531,413.3421641808517,405.6828816466664,413.22264841837114,14882700
2024-08-29,411.4696960449219,420.3640158924635,408.95977368399144,413.2824329478728,17045200
2024-08-30,415.4736328125,415.822210323597,410.48363692465733,413.93977626013776,24308300
2024-09-03,407.80438232421875,418.20267931936957,405.4040060811421,416.2405478075573,20313600
2024-09-04,407.26654052734375,409.5971891641853,402.7546379619835,404.2884945573242,15135800
2024-09-05,406.75860595703125,411.4497822581618,404.50762432491115,405.9916624475026,14195500
2024-09-06,400.0953369140625,409.00956601687597,399.1989078370585,407.42592125419515,19609500
2024-09-09,404.0992431640625,407.01753119323797,400.5434971977151,405.6131601713445,15295100
2024-09-10,412.5453796386719,414.66684525245614,406.0713456246143,406.56934824108026,19594300
2024-09-11,421.3500671386719,422.29625388353406,407.9438146629927,413.84017908445105,19266900
2024-09-12,425.29425048828125,425.6627675750461,418.07321227741465,421.6189886086143,17418800
2024-09-13,428.869873046875,430.1049097614262,423.7603615358477,424.12887859450143,15874600
2024-09-16,429.61688232421875,431.79813615912246,426.50935094179886,428.879848197679,13834700
2024-09-17,433.41168212890625,440.08492951868885,430.5431821213062,438.47140586333086,18874200
2024-09-18,429.0890197753906,434.28816840172493,428.6906237541022,433.2622842089649,18898000
2024-09-19,436.9375305175781,439.73630274210893,435.15467267064554,439.4673922763036,21706600
2024-09-20,433.53118896484375,437.4853309751932,432.4853956233,435.47341133704515,55167100
2024-09-23,431.77825927734375,434.7164566201473,428.6707276626035,432.5451724016005,15128900
2024-09-24,427.45556640625,431.6188608604207,424.3978231376462,431.2702529601879,17015800
2024-09-25,430.3838195800781,431.38979462226376,426.8579828341436,428.11292879639643,13396400
2024-09-26,429.5870056152344,433.5610566850483,427.41572154773536,433.3519041012862,14492000
2024-09-27,426.3101501464844,430.1248672217253,425.762359424982,429.7961684722898,14896100
2024-09-30,428.5810241699219,428.70057032593814,423.67072584299484,426.49937695538483,16807300
2024-10-01,419.0094299316406,426.7683189487975,417.13693529272734,426.73844000863045,19092900
2024-10-02,415.46368408203125,421.1309565128566,415.0453484935869,420.89189457845896,16582300
2024-10-03,414.87603759765625,417.8739927473743,412.63502577299244,415.9616796785687,13686400
2024-10-04,414.39794921875,418.07321108796054,413.3123071245128,416.5692334072243,19169700
2024-10-07,407.9040222167969,415.4437592952022,407.3661708398638,414.3382079936023,20919800
2024-10-08,413.0533447265625,413.99956190900485,406.5394920239681,409.25856700863125,19229300
2024-10-09,415.7923278808594,418.70067647812056,412.6449477589923,414.19871346026423,14974300
2024-10-10,414.1788024902344,415.68278008253634,411.4995460461954,413.5712539026246,13848400
2024-10-11,414.65692138671875,415.46368322393135,411.59917791222887,414.4776477330423,14144900
2024-10-14,417.46563720703125,422.34605664401147,415.8520832387316,416.1010845405741,16653100
2024-10-15,417.0672302246094,420.7923105426525,413.60115139482065,420.4934907291295,18900200
2024-10-16,414.45770263671875,414.6967341717602,408.84024879356656,413.51151588006746,15508900
2024-10-17,415.0553283691406,420.81223776702603,413.92983752079977,420.6727824355961,14820000
2024-10-18,416.4895324707031,417.97357047210465,414.59712869532103,415.4736181228242,17145300
2024-10-21,417.1070861816406,417.2863598354636,412.09718088424023,414.457708513249,14206100
2024-10-22,425.8022155761719,428.85992860317606,416.3700446113444,416.8182287379404,25482200
2024-10-23,422.9038391113281,429.3579337373482,420.8421009299413,429.13881136450993,19654400
2024-10-24,423.0332946777344,424.2783011634291,420.71258556682636,423.6308734743349,13581600
2024-10-25,426.43963623046875,430.79217425375066,424.8659613297776,425.0552047565001,16899100
2024-10-28,424.8858947753906,430.21452917811945,424.59704472930554,429.93564891158985,14882400
2024-10-29,430.2244873046875,431.43961494644003,424.09903059516625,426.29025434116863,17644100
2024-10-30,430.8021545410156,436.7483071680008,430.3738795735308,435.69254402246366,29749100
2024-10-31,404.72674560546875,414.4975548257246,404.67692710480617,413.70073237613923,53971000
2024-11-01,408.73065185546875,413.8401634297127,405.87212177522963,407.3760993641267,24230400
2024-11-04,406.8282775878906,408.78046967487955,403.9498383507318,408.1629209153218,19672300
2024-11-05,409.8163146972656,413.24257521436044,406.4498120639611,406.73866209939297,17626000
2024-11-06,418.50146484375,418.77040570560524,408.8800507986786,410.77248502778195,26681800
2024-11-07,423.73052978515625,425.1448706929316,418.2027124984046,419.5971138468432,19901800
2024-11-08,420.85205078125,424.7962229099081,420.095077093531,423.6209440547306,16891400
2024-11-11,416.34014892578125,423.11297221775334,414.3381687204943,420.83211176857736,24503300
2024-11-12,421.340087890625,422.744458901271,415.533390819855,416.57918414479684,19401200
2024-11-13,423.50146484375,427.61494119189337,416.5393671420712,419.9556884147255,21502200
2024-11-14,425.1846923828125,426.4595778768523,418.3222016749388,423.30222788535474,30246900
2024-11-15,413.3421936035156,421.1110226744225,411.98764100476023,418.14294637599176,28247600
2024-11-18,414.0991516113281,416.72858966014985,410.45376875637714,413.21269235073834,24742000
2024-11-19,416.1210632324219,416.270457948444,409.90596948487496,411.45973532284427,18133500
2024-11-20,413.8302001953125,415.62302783332285,408.93981090505724,415.2046922657536,19191700
2024-11-21,412.0437927246094,418.9399686403921,409.4689690149979,418.6605301722443,20780200
2024-11-22,416.16552734375,416.56472079906104,410.2374116400306,410.5467888521348,24814600
2024-11-25,417.95196533203125,420.23736087052777,414.0198472532827,417.54278213072394,27691100
2024-11-26,427.133544921875,428.18146205416855,418.01185069672323,418.75036014607525,23458900
2024-11-27,422.1435546875,426.37509083138485,421.17549451394376,424.2593075311874,18332400
2024-11-29,422.61260986328125,424.0297817162198,416.9639323784013,419.24935840992123,16271900
2024-12-02,430.1175842285156,432.13353107658475,420.4669212999132,420.72641076442574,20207200
2024-12-03,430.3371276855469,431.60457529422956,426.88402964452257,428.9798333762607,18302000
2024-12-04,436.544677734375,438.79017518476684,431.7642546343851,432.1634480898198,26009400
2024-12-05,441.7342529296875,443.770179142923,435.2971785217715,437.0436765362191,21697800
2024-12-06,442.682373046875,445.2073090094776,440.88595677867977,441.4148949698492,18821000
2024-12-09,445.12744140625,447.4328163406456,439.6184986530788,441.7143023543043,19144400
2024-12-10,442.4428405761719,448.7202622082635,440.71632196493806,443.500747434082,18469500
2024-12-11,448.0915222167969,449.4488165759074,443.1614051498909,443.1614051498909,19200200
2024-12-12,448.6603698730469,455.24716851093444,448.2112581986308,448.2112581986308,20834800
2024-12-13,446.37493896484375,450.5266178755225,444.6883184556146,447.5426110314286,20177800
2024-12-16,450.6863098144531,451.27512549789225,444.38893932865295,446.37494735046533,23598800
2024-12-17,453.5505676269531,454.3789237624039,448.67036888572403,450.10748972576295,22733500
2024-12-18,436.5147399902344,451.7441820228141,436.1454548251872,450.4168569277278,24444500
2024-12-19,436.15545654296875,442.29314366547726,435.4468858542376,440.73626782337294,22963700
2024-12-20,435.726318359375,442.85201454579715,427.7722660445124,432.2432815476765,64263700
2024-12-23,434.3790283203125,436.7742196281346,431.96385754199804,435.86603695951885,19152500
2024-12-24,438.4508361816406,438.7203153724094,433.32113775673025,433.7802087154167,7164500
2024-12-26,437.2332763671875,440.0576302640168,435.7562575113133,438.20133650274425,8194200
2024-12-27,429.66845703125,434.3490742197977,425.49682901810996,433.73031978660106,18117700
2024-12-30,423.9798583984375,426.6944166190143,421.05572893712207,425.2074080072107,13158700
2024-12-31,420.6565246582031,425.8760697244736,419.81820926028456,425.24732556190753,13246500
2025-01-02,417.74237060546875,425.2174031564215,414.01985416103116,424.67847521686525,16896500
2025-01-03,422.5028381347656,423.1814700735548,418.7004647827294,420.2373611517797,16662900
2025-01-06,426.99383544921875,433.450889550372,424.6285829292995,427.1435291929144,20573600
2025-01-07,421.5247802734375,429.7882097463078,419.957914728963,428.1415176926379,18139100
2025-01-08,423.7104187011719,426.11559975123726,420.69647292951623,422.61261379874435,15054600
2025-01-10,418.11163330078125,423.86008600637365,414.1894746460312,423.7802594986814,20201100
2025-01-13,416.35516357421875,417.66253969684465,411.4649750549722,414.4090535363967,17604800
2025-01-14,414.8382263183594,418.9000587938386,409.89811945983064,416.9739281792526,16935900
2025-01-15,425.4569091796875,427.29322350331137,417.4329894853562,418.29128437786517,19637800
2025-01-16,423.7303466796875,428.6305247845027,423.5407549144398,427.84212760615685,15300000
2025-01-17,428.1714782714844,433.61058460419247,427.31321381371214,433.22135040368397,26197500
2025-01-21,427.64251708984375,430.03770829379437,424.7483264493822,429.33912735658424,26085700
2025-01-22,445.30712890625,446.37496460039233,435.1275277712005,436.68440364505375,27803800
2025-01-23,445.8160705566406,445.85599903960934,440.61650492666485,441.1155043659929,18389300
2025-01-24,443.17138671875,445.7562002010948,440.5167060042179,444.2691915941594,15549500
2025-01-27,433.6903991699219,434.32913308449037,422.6525337820519,423.16152296669173,35647800
2025-01-28,446.30511474609375,447.4827461239755,430.51676503368185,433.73032267022137,23491700
2025-01-29,441.44482421875,445.98573732495043,439.51869372032735,445.79611510422404,23581400
2025-01-30,414.1595458984375,422.0137922192137,412.33322134699057,417.9319804505241,54586300
2025-01-31,414.22943115234375,419.84816997012905,414.0797374049759,418.141600337115,34223400
2025-02-03,410.09771728515625,414.57872255523336,407.8422300476431,410.7763492208031,25679100
2025-02-04,411.5447998046875,413.09171636714575,408.9200578355856,411.86416676091864,20532100
2025-02-05,412.4629821777344,413.0018796658512,409.5787506797878,411.5248607564065,16316700
2025-02-06,414.9879150390625,417.36315732347487,413.1715497090401,413.1715497090401,16309800
2025-02-07,408.9300537109375,417.8122379259866,407.2833615993766,415.6465973451397,22886800
2025-02-10,411.3951110839844,414.62861779989964,410.0977246861568,412.8821197108573,20817900
2025-02-11,410.6166687011719,411.6645553606299,408.48093644203584,408.8202828688126,18140600
2025-02-12,408.2214660644531,409.92803560329327,403.56079794352274,406.3951110778186,19121700
2025-02-13,409.7184753417969,410.17754630619044,405.54681680905935,406.185550721702,23891700
2025-02-14,407.6126708984375,408.0917213200678,405.06778596420224,406.9739674594389,22758500
2025-02-18,408.8202819824219,409.7783523938356,405.6865508328786,407.18354917543536,21423100
2025-02-19,413.94000244140625,414.6585628844229,406.8342549807474,407.06380569744374,24114200
2025-02-20,416.1300048828125,419.30999755859375,412.5400085449219,415.2900085449219,23508700
2025-02-21,408.2099914550781,418.04998779296875,407.8900146484375,417.3399963378906,27524800
2025-02-24,404.0,409.3699951171875,399.32000732421875,408.510009765625,26443700
2025-02-25,397.8999938964844,401.9200134277344,396.70001220703125,401.1000061035156,29387400
2025-02-26,399.7300109863281,403.6000061035156,394.25,398.010009765625,19619000
2025-02-27,392.5299987792969,405.739990234375,392.1700134277344,401.2699890136719,21127400
2025-02-28,396.989990234375,397.6300048828125,386.57000732421875,392.6600036621094,32845700
2025-03-03,388.489990234375,398.82000732421875,386.1600036621094,398.82000732421875,23007700
2025-03-04,388.6099853515625,392.5799865722656,381.0,383.3999938964844,29342900
2025-03-05,401.0199890136719,401.6700134277344,388.80999755859375,389.3399963378906,23433100
2025-03-06,396.8900146484375,402.1499938964844,392.67999267578125,394.2799987792969,23304600
2025-03-07,393.30999755859375,394.79998779296875,385.5400085449219,392.32000732421875,22034100
2025-03-10,380.1600036621094,386.3999938964844,377.2200012207031,385.8399963378906,32840100
2025-03-11,380.45001220703125,386.0,376.9100036621094,379.0,30380200
2025-03-12,383.2699890136719,385.2200012207031,378.95001220703125,382.95001220703125,24253600
2025-03-13,378.7699890136719,385.32000732421875,377.45001220703125,383.1600036621094,20473000
2025-03-14,388.55999755859375,390.2300109863281,379.510009765625,379.7799987792969,19952800
2025-03-17,388.70001220703125,392.7099914550781,385.57000732421875,386.70001220703125,22474300
2025-03-18,383.5199890136719,387.3699951171875,381.1000061035156,387.07000732421875,19486900
2025-03-19,387.82000732421875,389.67999267578125,384.0,385.5299987792969,19185500
2025-03-20,386.8399963378906,391.7900085449219,383.2799987792969,385.739990234375,18470500
2025-03-21,391.260009765625,391.739990234375,382.79998779296875,383.2200012207031,39675900
2025-03-24,393.0799865722656,395.3999938964844,389.80999755859375,395.3999938964844,21004500
2025-03-25,395.1600036621094,396.3599853515625,392.6400146484375,393.9200134277344,15775000
2025-03-26,389.9700012207031,395.30999755859375,388.57000732421875,395.0,16108400
2025-03-27,390.5799865722656,392.239990234375,387.3999938964844,390.1300048828125,13766800
2025-03-28,378.79998779296875,389.1300048828125,376.92999267578125,388.0799865722656,21632000
2025-03-31,375.3900146484375,377.07000732421875,367.239990234375,372.5400085449219,35184700
2025-04-01,382.19000244140625,382.8500061035156,373.2300109863281,374.6499938964844,19689500
2025-04-02,382.1400146484375,385.0799865722656,376.6199951171875,377.9700012207031,16092600
2025-04-03,373.1099853515625,377.4800109863281,369.3500061035156,374.7900085449219,30198000
2025-04-04,359.8399963378906,374.5899963378906,359.4800109863281,364.1300048828125,49209900
2025-04-07,357.8599853515625,371.0,344.7900085449219,350.8800048828125,50425000
2025-04-08,354.55999755859375,373.6499938964844,350.25,368.260009765625,35868900
2025-04-09,390.489990234375,393.2300109863281,353.1000061035156,353.5400085449219,50199700
2025-04-10,381.3500061035156,383.8999938964844,367.79998779296875,382.05999755859375,38024400
2025-04-11,388.45001220703125,390.04998779296875,378.8900146484375,380.6400146484375,23839200
2025-04-14,387.80999755859375,394.6499938964844,384.2099914550781,393.2200012207031,19251200
2025-04-15,385.7300109863281,391.8900146484375,384.1600036621094,388.510009765625,17199900
2025-04-16,371.6099853515625,381.6099853515625,368.0,380.6700134277344,21967800
2025-04-17,367.7799987792969,374.32000732421875,366.8900146484375,373.75,20943700
2025-04-21,359.1199951171875,364.4800109863281,355.6700134277344,362.82000732421875,20807300
2025-04-22,366.82000732421875,367.7699890136719,359.8599853515625,363.3800048828125,19485000
2025-04-23,374.3900146484375,380.3900146484375,373.0199890136719,376.05999755859375,20545500
2025-04-24,387.29998779296875,388.45001220703125,375.19000244140625,375.70001220703125,22232300
2025-04-25,391.8500061035156,392.1600036621094,384.6000061035156,387.0,18973200
2025-04-28,391.1600036621094,392.739990234375,386.6400146484375,391.9599914550781,16579400
2025-04-29,394.0400085449219,395.1000061035156,390.3800048828125,391.29998779296875,14974000
